[{"family":"MaterialIcons","fonts":[{"asset":"fonts/MaterialIcons-Regular.otf"}]},{"family":"EncodeSans","fonts":[{"weight":400,"asset":"assets/fonts/EncodeSans-Regular.ttf"},{"weight":500,"asset":"assets/fonts/EncodeSans-Medium.ttf"},{"weight":700,"asset":"assets/fonts/EncodeSans-Bold.ttf"},{"weight":900,"asset":"assets/fonts/EncodeSans-Black.ttf"},{"weight":300,"asset":"assets/fonts/EncodeSans-Thin.ttf"}]},{"family":"packages/cupertino_icons/CupertinoIcons","fonts":[{"asset":"packages/cupertino_icons/assets/CupertinoIcons.ttf"}]}]