{"assets/fonts/EncodeSans-Black.ttf":["assets/fonts/EncodeSans-Black.ttf"],"assets/fonts/EncodeSans-Bold.ttf":["assets/fonts/EncodeSans-Bold.ttf"],"assets/fonts/EncodeSans-Medium.ttf":["assets/fonts/EncodeSans-Medium.ttf"],"assets/fonts/EncodeSans-Regular.ttf":["assets/fonts/EncodeSans-Regular.ttf"],"assets/fonts/EncodeSans-Thin.ttf":["assets/fonts/EncodeSans-Thin.ttf"],"assets/pngs/akedo_black.png":["assets/pngs/akedo_black.png"],"assets/pngs/akedo_white.png":["assets/pngs/akedo_white.png"],"assets/pngs/bg_pattern.png":["assets/pngs/bg_pattern.png"],"assets/pngs/icon.png":["assets/pngs/icon.png"],"assets/pngs/logo.png":["assets/pngs/logo.png"],"assets/pngs/no_data.png":["assets/pngs/no_data.png"],"assets/pngs/prev.png":["assets/pngs/prev.png"],"assets/pngs/small_icon.png":["assets/pngs/small_icon.png"],"assets/svgs/.DS_Store":["assets/svgs/.DS_Store"],"assets/svgs/apps_ic.svg":["assets/svgs/apps_ic.svg"],"assets/svgs/category_ic.svg":["assets/svgs/category_ic.svg"],"assets/svgs/delete_ic.svg":["assets/svgs/delete_ic.svg"],"assets/svgs/disable.svg":["assets/svgs/disable.svg"],"assets/svgs/down_ic.svg":["assets/svgs/down_ic.svg"],"assets/svgs/edit_ic.svg":["assets/svgs/edit_ic.svg"],"assets/svgs/eye_ic.svg":["assets/svgs/eye_ic.svg"],"assets/svgs/home_ic.svg":["assets/svgs/home_ic.svg"],"assets/svgs/image_ic.svg":["assets/svgs/image_ic.svg"],"assets/svgs/logo_ic.svg":["assets/svgs/logo_ic.svg"],"assets/svgs/mail_ic.svg":["assets/svgs/mail_ic.svg"],"assets/svgs/menu_ic.svg":["assets/svgs/menu_ic.svg"],"assets/svgs/notification_ic.svg":["assets/svgs/notification_ic.svg"],"assets/svgs/play_ic.svg":["assets/svgs/play_ic.svg"],"assets/svgs/pluse_ic.svg":["assets/svgs/pluse_ic.svg"],"assets/svgs/right_ic.svg":["assets/svgs/right_ic.svg"],"assets/svgs/setting_ic.svg":["assets/svgs/setting_ic.svg"],"assets/svgs/thumb_up_ic.svg":["assets/svgs/thumb_up_ic.svg"],"assets/svgs/user_ic.svg":["assets/svgs/user_ic.svg"],"assets/svgs/users.svg":["assets/svgs/users.svg"],"assets/svgs/visibility_off.svg":["assets/svgs/visibility_off.svg"],"packages/cupertino_icons/assets/CupertinoIcons.ttf":["packages/cupertino_icons/assets/CupertinoIcons.ttf"],"packages/fluttertoast/assets/toastify.css":["packages/fluttertoast/assets/toastify.css"],"packages/fluttertoast/assets/toastify.js":["packages/fluttertoast/assets/toastify.js"]}